Subreddit,Title,Downs,Score,Comments,URL,Ups,Upvote_Ratio,Timestamp
cricket,IPL 2025: Auction Mega Thread,0,841,28447,https://www.reddit.com/r/Cricket/comments/1gympnq/ipl_2025_auction_mega_thread/,841,0.88,24-11-2024
cricket,RCB becomes the fourth team to qualify for IPL 2024 playoffs.,0,2575,556,https://i.redd.it/izwcdub7981d1.png,2575,0.91,18-05-2024
cricket,IPL Retention - final list,0,1284,615,https://www.reddit.com/gallery/1ggcwha,1284,0.94,31-10-2024
cricket,"13 Year Old Vaibhav Suryavanshi became the youngest player in IPL 2025, and he is the first player to play the IPL after IPL was created ",0,1543,328,https://i.redd.it/1ythxliwb23e1.png,1543,0.93,25-11-2024
cricket,IPL has become a child‚Äôs idea of cricket ,0,2065,482,https://www.reddit.com/r/Cricket/comments/1c4q8bo/ipl_has_become_a_childs_idea_of_cricket/,2065,0.93,15-04-2024
cricket,"Records made in today's IPL match, The craziest T20 match in history",0,4059,240,https://i.redd.it/vuahsvzz0xqc1.png,4059,0.97,27-03-2024
cricket,"IPL 2025: Auction Mega Thread, Day 2",0,416,13197,https://www.reddit.com/r/Cricket/comments/1gzemxp/ipl_2025_auction_mega_thread_day_2/,416,0.97,25-11-2024
cricket,IPL 2022 AUCTION MEGATHREAD,0,2905,75002,https://www.reddit.com/r/Cricket/comments/sqj10o/ipl_2022_auction_megathread/,2905,0.81,12-02-2022
cricket,IPL 2023:- CSK are the Champions,0,2923,598,https://i.redd.it/5pcg0dk2cv2b1.jpg,2923,0.9,29-05-2023
cricket,KKR are the Champions of IPL 2024,0,1809,320,https://i.redd.it/0bz8930yws2d1.png,1809,0.91,26-05-2024
cricket,Mitchell Starc gets bought for 24.75C to KKR! Most expensive buy in IPL history,0,2182,452,https://i.redd.it/7v80zm73987c1.jpeg,2182,0.93,19-12-2023
cricket,Sunrisers Hyderabad have qualified for the finals of IPL 2024 and will face KKR,0,1397,344,https://i.redd.it/60hphnfbwe2d1.jpeg,1397,0.94,24-05-2024
cricket,[ESPNCRICINFO] Hardik Pandya named as the Mumbai Indians Captain for IPL 2024.,0,1411,661,https://i.redd.it/jkten1i2cg6c1.jpeg,1411,0.89,15-12-2023
cricket,IPL 2024: Auction Mega Thread,0,734,19187,https://www.reddit.com/r/Cricket/comments/18lvuw6/ipl_2024_auction_mega_thread/,734,0.82,19-12-2023
cricket,Cummins becomes the most Expensive Player Ever in the IPL Auction,0,1484,452,https://i.redd.it/13pfl88ts77c1.jpeg,1484,0.95,19-12-2023
cricket,Most Expensive Player Purchases in IPL History,0,1191,152,https://i.redd.it/f73sy3x37v2e1.png,1191,0.98,24-11-2024
cricket,JioCinema's coverage for IPL 2023,0,2190,456,https://i.redd.it/4s6x5o4kraja1.jpg,2190,0.96,20-02-2023
cricket,Mumbai Indians becomes first team in IPL history to Lose all their first 7 matches of a Season,0,3251,475,https://i.redd.it/mpbskxq3axu81.jpg,3251,0.97,21-04-2022
cricket,PBKS chase down the highest total ever in IPL & T20 Cricket,0,1374,243,https://i.redd.it/igr7cmww2vwc1.jpeg,1374,0.97,26-04-2024
cricket,Dinesh Karthik Retired from the IPL,0,2002,151,https://i.redd.it/xl2esjm9012d1.jpeg,2002,0.97,22-05-2024
cricket,Pat Cummins scored an IPL 50 from 14 balls,0,3244,435,https://i.redd.it/6jtccasj1yr81.jpg,3244,0.96,06-04-2022
cricket,SRH breaks their own record of highest total in the history of IPL,0,1337,215,https://i.redd.it/ddcr7n94znuc1.png,1337,0.97,15-04-2024
cricket,Will Jacks scores his 1st IPL Century scoring 100*(41),0,1491,182,https://i.redd.it/bhast8au08xc1.jpeg,1491,0.96,28-04-2024
cricket,IPL captains photoshoot with PBKS represented by vice captain Jitesh Sharma. Ruturaj Gaikwad is the new CSK captain!,0,1093,291,https://i.redd.it/7r0tlqigxnpc1.jpeg,1093,0.95,21-03-2024
cricket,SRH break RCB's record of Most Runs scored in an IPL Innings: 277-3 20,0,1365,216,https://i.redd.it/g4z0foawewqc1.jpeg,1365,0.97,27-03-2024
cricket,Jimmy Anderson goes unsold in IPL auction as 13-year-old batter earns deal,0,707,174,https://www.theguardian.com/sport/2024/nov/25/ipl-indian-premier-league-auction-jimmy-anderson-unsold,707,0.97,25-11-2024
cricket,"As 2025 IPL Mega Auction takes place, here's the most expensive player at each IPL auction",0,798,156,https://i.redd.it/w8dkg2hoxo1e1.png,798,0.96,18-11-2024
cricket,IPL 2025: Auction Roundup,0,266,490,https://www.reddit.com/r/Cricket/comments/1gzo4t8/ipl_2025_auction_roundup/,266,0.97,25-11-2024
cricket,Mumbai Indians captain Hardik Pandya may be ruled out of IPL 2024 due to injury: Sources,0,1205,301,https://i.redd.it/ao6tbsk8408c1.jpeg,1205,0.94,23-12-2023
cricket,CSK become the last Team to be eliminated from IPL 2024,0,1123,205,https://i.redd.it/5a9gtr7xd81d1.png,1123,0.98,18-05-2024
cricket,BREAKING: Kane Williamson will take over as SRH captain for the rest of IPL 2021,0,2302,691,https://twitter.com/ESPNcricinfo/status/1388430277974781954?s=19,2302,0.93,01-05-2021
cricket,[Megathread] IPL 2025 Retention,0,140,1024,https://www.reddit.com/r/Cricket/comments/1ggb3gz/megathread_ipl_2025_retention/,140,0.93,31-10-2024
cricket,"Shubhman Gill scores a 129(60), the highest score in IPL Playoffs",0,1780,261,https://i.redd.it/xlajw8qjq82b1.jpg,1780,0.95,26-05-2023
cricket,Mohit Sharma bowled the most expensive spell in IPL history,0,1162,182,https://i.redd.it/0r3lzs949gwc1.png,1162,0.97,24-04-2024
cricket,"IPL 2025: Auction Roundup, Day 1",0,290,326,https://www.reddit.com/r/Cricket/comments/1gywx42/ipl_2025_auction_roundup_day_1/,290,0.96,24-11-2024
cricket,Rishabh Pant is now the most expensive player in IPL History going for ‚Çπ27 crores to LSG,0,947,99,https://i.redd.it/hrjvkru71u2e1.jpeg,947,0.97,24-11-2024
cricket,Jos Buttler scores 7th IPL century finishing 107(60),0,1233,164,https://i.redd.it/kfjeztiktvuc1.png,1233,0.98,16-04-2024
cricket,Most consecutive seasons failing to qualify in IPL playoffs,0,922,211,https://i.redd.it/hpsvaij19jzc1.png,922,0.96,10-05-2024
cricket,[Pat Cummins] I‚Äôve made the difficult decision to miss next year‚Äôs IPL.,0,2009,281,https://i.redd.it/2i5r23kxbzz91.jpg,2009,0.98,14-11-2022
cricket,"‚ÄòI have come to play in the IPL, not to take abuses,‚Äô says Naveen-ul-Haq",0,1101,464,https://indianexpress.com/article/sports/ipl/naveen-ul-haq-the-man-at-the-centre-of-kohli-and-gambhir-on-field-spat-once-had-a-tiff-with-afridi-8587505/,1101,0.94,02-05-2023
cricket,Womens's IPL is now the 2nd most expensive cricket league after Men's IPL.,0,2014,243,https://i.redd.it/u7t5lsufvdca1.jpg,2014,0.95,16-01-2023
cricket,IPL 2024 Playoffs,0,1041,165,https://i.redd.it/vjlvb16m3f1d1.jpeg,1041,0.96,19-05-2024
cricket,"'I only had one tension, that was Punjab': Rishabh Pant's revelation on IPL auction",0,489,131,https://www.hindustantimes.com/cricket/i-only-had-one-tension-that-was-punjab-rishabh-pants-shocking-revelation-on-ipl-auction-101737364955832.html,489,0.97,20-01-2025
cricket,Marcus Stoinis scores maiden IPL century finishing 124*(63),0,1094,163,https://i.redd.it/y47bndzbq9wc1.png,1094,0.98,23-04-2024
cricket,"KKR with 272 today, the second highest IPL score of all time!",0,1018,188,https://i.redd.it/xtndgka8fasc1.jpeg,1018,0.98,03-04-2024
cricket,Highest totals in IPL,0,1097,161,https://i.redd.it/czcrg9ntnnvc1.png,1097,0.98,20-04-2024
cricket,Kieron Pollard has announced his retirement from the IPL.,0,1849,266,https://i.redd.it/ro9d4lab840a1.jpg,1849,0.97,15-11-2022
cricket,LSG mentor Gautam Gambhir and RCB batter Virat Kohli have been fined 100% of their match fee for breaching the IPL Code of Conduct. Both admitted to the Level 2 offence under Article 2.21 of the IPL Code of Conduct.,0,1002,448,https://twitter.com/ani/status/1653220434702381057,1002,0.98,02-05-2023
cricket,Glenn Maxwell in IPL 2024,0,916,171,https://i.redd.it/6q470thf6c2d1.png,916,0.98,24-05-2024
cricket,"At the age of 13, Vaibhav Suryavanshi has become the youngest player ever to be named in the IPL auction player list.",0,676,122,https://sportstar.thehindu.com/cricket/ipl/ipl-news/vaibhav-suryavanshi-age-13-youngest-player-ipl-auction-list-2025-news/article68872848.ece/amp/,676,0.97,15-11-2024
cricket,"""Dhoni went inside and he punched a screen outside the dressing room""- Harbhajan Singh recalls handshake controversy after CSK-RCB IPL 2024 clash",0,479,206,https://www.sportskeeda.com/cricket/news-dhoni-went-inside-punched-screen-outside-dressing-room-harbhajan-singh-recalls-handshake-controversy-csk-rcb-ipl-2024-clash,479,0.88,03-10-2024
cricket,Harry brook shares his reasons for skipping ipl,0,1258,150,https://i.redd.it/7ffh8gxsm4oc1.jpeg,1258,0.98,13-03-2024
cricket,Jos Buttler hits 6th IPL century finishing 100*(58),0,1188,146,https://i.redd.it/gb84op85bwsc1.png,1188,0.97,06-04-2024
cricket,"R Ashwin becomes first batsman in IPL history to be retired out ,as he retires himself in the 19th over of innings.",0,1930,307,https://i.redd.it/anqgs0b47qs81.jpg,1930,0.97,10-04-2022
cricket,IPL captains with the trophy.,0,1403,263,https://i.redd.it/4wta2moutuqa1.jpg,1403,0.97,30-03-2023
cricket,Gujrat Titans are the champions of Ipl 2022,0,1893,281,https://i.redd.it/hm9lhykahg291.jpg,1893,0.96,29-05-2022
cricket,Lucknow Super Giants to release KL Rahul ahead of IPL mega auction,0,455,179,https://timesofindia.indiatimes.com/sports/cricket/ipl/top-stories/exclusive-lucknow-super-giants-to-release-kl-rahul-ahead-of-ipl-mega-auction/articleshow/114485446.cms,455,0.99,23-10-2024
cricket,Current IPL Teams that haven't won the awards,0,793,205,https://i.redd.it/mlhqfh2gqhsc1.jpeg,793,0.98,04-04-2024
cricket,ESPNcricinfo's IPL 24 team ,0,679,201,https://i.redd.it/8p2c7qtbyx2d1.jpeg,679,0.89,27-05-2024
cricket,Kolkata Knight Riders have made it to the IPL 2024 Finals,0,992,137,https://i.redd.it/a1rthanbct1d1.jpeg,992,0.97,21-05-2024
cricket,IPL Player Auctions 2023 Live Megathread,0,486,12571,https://www.reddit.com/r/Cricket/comments/zt941s/ipl_player_auctions_2023_live_megathread/,486,0.95,23-12-2022
cricket,Yashasvi Jaiswal smashes the fastest 50 in IPL history in 13 balls,0,1523,198,https://i.redd.it/q0nuzvx2a8za1.jpg,1523,0.97,11-05-2023
cricket,Ahmedabad Titans is the official name of the Ahmedabad IPL team.,0,1314,495,https://i.redd.it/q0dsf3ygrdg81.jpg,1314,0.96,07-02-2022
cricket,MI qualifies for IPL 2023 playoffs as GT knocks out RCB.,0,864,386,https://i.redd.it/qwtdx6t8t91b1.jpg,864,0.97,21-05-2023
cricket,"Reports: MS Dhoni to undergo surgery for muscle tear that may take 5-6 months to recover , aims for IPL 2025 return",0,624,216,https://www.crictracker.com/cricket-news/reports-ms-dhoni-to-undergo-surgery-for-muscle-tear-aims-for-ipl-2025-return/,624,0.94,20-05-2024
cricket,"Why Should Youngsters Play Ranji When Test Team Is Picked On Basis Of IPL? Gavaskar Slams India's Selection | Cricket News, Times Now",0,1183,241,https://www.timesnownews.com/sports/cricket/sunil-gavaskar-slams-indian-selectors-for-ignoring-sarfaraz-khan-for-west-indies-tests-says-why-should-youngsters-play-ranji-when-test-team-is-picked-on-basis-of-ipl-article-101229144,1183,0.97,24-06-2023
cricket,"Highest Paid Retainees, IPL keeps growing",0,574,127,https://i.redd.it/5h3ivbzot3yd1.png,574,0.97,31-10-2024
cricket,2nd Highest Indian Run Scorer for RCB in IPL,0,1406,109,https://i.redd.it/mk3d9q56lvpc1.jpeg,1406,0.98,22-03-2024
cricket,Number of IPL Playoff Qualifications ,0,659,198,https://i.redd.it/qa4m2oifp62d1.jpeg,659,0.99,23-05-2024
cricket,Mumbai Indians in opening games at IPL ,0,1115,133,https://i.redd.it/ekhljl33mbqc1.png,1115,0.98,24-03-2024
cricket,1574 players register for IPL 2025 Player Auction,0,405,166,https://www.iplt20.com/news/4111/1574-players-register-for-tata-ipl-2025-player-auction,405,0.97,05-11-2024
cricket,Cameron Green takes his maiden test five-for the week he got a 3M IPL contract .What a week for him !,0,1956,180,https://i.redd.it/hqxa7e27588a1.jpg,1956,0.96,26-12-2022
cricket,IPL Retention Megathread,0,742,4010,https://www.reddit.com/r/Cricket/comments/r5lf70/ipl_retention_megathread/,742,0.96,30-11-2021
cricket,IPL :- Final Squads of the 10 teams after the Auction,0,829,550,https://www.reddit.com/gallery/ztjrty,829,0.97,23-12-2022
cricket,MS Dhoni has handed over the CSK captaincy to Ravindra Jadeja ahead of IPL 2022.,0,1314,412,https://twitter.com/criccrazyjohns/status/1506917506002214919?s=21,1314,0.95,24-03-2022
cricket,Devdutt Padikkal gets his maiden IPL century 101*(52),0,3062,213,https://i.redd.it/5atj0z2weru61.jpg,3062,0.97,22-04-2021
cricket,Highest earners from the IPL 2022 retentions.,0,1301,471,https://i.redd.it/l5kz528tgu281.jpg,1301,0.96,01-12-2021
cricket,Live IPL Auction 2021 Mega Thread,0,811,20225,https://www.reddit.com/r/Cricket/comments/lmfuwx/live_ipl_auction_2021_mega_thread/,811,0.97,18-02-2021
cricket,Biggest Salary Hikes ahead of IPL 2025,0,702,96,https://i.redd.it/h61993eb98yd1.jpeg,702,0.97,01-11-2024
cricket,IPL 2024 Retention List Megathread,0,299,1180,https://www.reddit.com/r/Cricket/comments/1848uxi/ipl_2024_retention_list_megathread/,299,0.93,26-11-2023
cricket,IPL owners meet: DC want Impact Player scrapped; SRH recommend seven players to be retained.,0,428,218,https://www.espncricinfo.com/story/ipl-owners-meet-dc-want-impact-player-scrapped-srh-recommend-seven-players-to-be-retained-1445592,428,0.97,01-08-2024
cricket,Virat Kohli surpasses Gayle to notch up the most centuries in IPL,0,1763,147,https://i.redd.it/m1j3leu1891b1.jpg,1763,0.95,21-05-2023
cricket,BREAKING: Rishabh Pant will captain the Delhi Capitals in the 2021 IPL.,0,1517,461,https://www.reddit.com/r/Cricket/comments/mghrsh/breaking_rishabh_pant_will_captain_the_delhi/,1517,0.95,30-03-2021
cricket,Shreyas Iyer appointed as PBKS captain for IPL 2025,0,596,77,https://i.redd.it/s9m0ccv4flce1.png,596,0.96,12-01-2025
cricket,"No free streaming of IPL 2025 in JioHotstar after JioCinema and Dinsey Hoststar merger, subscription plans announced",0,218,142,https://www.hindustantimes.com/cricket/no-free-streaming-of-ipl-2025-in-newly-launched-jiostar-of-viacome18-and-star-india-subscription-plans-announced-101739506626964.html,218,0.97,14-02-2025
cricket,CSK suggest IPL rule change to retain Dhoni as uncapped player,0,421,208,https://www.espncricinfo.com/story/csk-suggest-ipl-rule-change-to-retain-dhoni-as-uncapped-player-1445661,421,0.93,01-08-2024
cricket,"Mark Wood takes 5fer, his figures read 4-0-14-5, Delhi Capitals v Lucknow Super Giants, IPL 2023",0,2457,112,https://i.redd.it/f7u7zg3rrcra1.png,2457,0.98,01-04-2023
cricket,In regards to how close the next IPL season is I wanted to share Some iconic IPL images. I hope this doesn't get deleted.,0,2267,250,https://www.reddit.com/gallery/mhw1p9,2267,0.97,01-04-2021
cricket,"üèÜ x 6 Rohit Sharma, the IPL's most decorated player.",0,2127,294,https://i.redd.it/oyi2knth6gy51.jpg,2127,0.96,10-11-2020
cricket,IPL 2023: Points Table at halfway mark of the league stage,0,896,294,https://i.imgur.com/OARjYmj.jpg,896,0.98,25-04-2023
cricket,SRH secure the highest powerplay score in IPL history,0,876,131,https://i.redd.it/aporbcb4anvc1.jpeg,876,0.98,20-04-2024
cricket,Analysis of advertisements during the IPL 2021 opening match,0,1762,318,https://www.reddit.com/r/Cricket/comments/mnok4v/analysis_of_advertisements_during_the_ipl_2021/,1762,0.99,09-04-2021
cricket,Women's IPL will be officially called Women's Premier League (WPL) .The 5 franchises & their winning bids in WPL,0,938,312,https://i.redd.it/5jhrenfkw5ea1.jpg,938,0.97,25-01-2023
cricket,IPL 2022 Auction - Day 1 (Scroll the images),0,961,549,https://www.reddit.com/gallery/sqv0b8,961,0.97,12-02-2022
cricket,IPL x Formula 1!,0,2281,195,https://www.reddit.com/gallery/qb6rp7,2281,0.95,19-10-2021
cricket,IPL 2024: Post Auction Thread,0,299,657,https://www.reddit.com/r/Cricket/comments/18m4pg6/ipl_2024_post_auction_thread/,299,0.97,19-12-2023
cricket,New Jersey of Lucknow Super Giants for IPL 2023,0,823,332,https://i.redd.it/g0dr9f48y9ma1.png,823,0.92,07-03-2023
cricket,IPL 2023 Points Table after every team has played 5 matches each.,0,805,312,https://i.imgur.com/LhF2TMD.jpg,805,0.98,18-04-2023
cricket,Shubman Gill finishes the IPL season with 890 runs. 2nd most in an IPL season behind Virat Kohli,0,1326,160,https://i.redd.it/4ntb7r2dut2b1.jpg,1326,0.97,29-05-2023
cricket,"MS Dhoni will come back roaring in IPL 2025, we haven't seen last of him : Robin Uthappa ",0,428,221,https://www.indiatoday.in/sports/cricket/story/rcb-vs-csk-ms-dhoni-retirement-ipl-2025-robin-uthappa-2540973-2024-05-19,428,0.87,19-05-2024
cricket,100 In 67 Balls ‚Äì Virat Kohli Scores Joint-Slowest Hundred In IPL History,0,517,199,https://wisden.com/ipl-2024-2/100-in-67-balls-virat-kohli-scores-joint-slowest-hundred-in-ipl-history,517,0.95,06-04-2024
cricket,GT is eliminated in IPL 2024,0,805,114,https://i.redd.it/qsmvugjec80d1.png,805,0.98,13-05-2024
cricket,Sunrisers Hyderabad becomes the Third team to qualify for the IPL 2024 playoffs.,0,674,135,https://i.redd.it/z0kauoocit0d1.jpeg,674,0.98,16-05-2024
cricket,IPL Retention Megathread,0,425,1471,https://www.reddit.com/r/Cricket/comments/yvvumz/ipl_retention_megathread/,425,0.95,15-11-2022
cricket,IPL 2022 - Teams & Players (scroll to see images),0,929,458,https://www.reddit.com/gallery/srlmwp,929,0.98,13-02-2022
cricket,"Virat Kohli on when he retires: ‚ÄòI‚Äôll be gone, you won‚Äôt see me for a while‚Ä¶‚Äô | Ipl News",0,522,169,https://indianexpress.com/article/sports/ipl/virat-kohli-on-when-he-retires-be-gone-you-wont-see-me-for-while-9333117/,522,0.96,16-05-2024
cricket,Specialist Captains of IPL 2021,0,1201,341,https://i.redd.it/3ioappoxmdt71.jpg,1201,0.98,14-10-2021
cricket,"""You can rest in the IPL if you want"" - Aakash Chopra says Jasprit Bumrah shouldn't be given a break during the IND vs ENG Test series",0,546,213,https://www.sportskeeda.com/cricket/news-you-can-rest-ipl-want-aakash-chopra-says-jasprit-bumrah-given-break-ind-vs-eng-test-series,546,0.91,10-02-2024
cricket,England counties offer to host remainder of IPL 2021 in September,0,1512,287,https://www.espncricinfo.com/story/ipl-2021-england-counties-offer-to-host-remainder-of-ipl-in-september-1262406,1512,0.98,06-05-2021
cricket,TATA IPL 2023 : 43rd match : LSG vs RCB : Heated exchange between Virat Kohli & Gautam Gambhir post match,0,594,387,https://twitter.com/DimpleboyDimple/status/1653103055188160512?t=RBR18YNlzxAx00eiuYz_Mw&s=19,594,0.97,01-05-2023
cricket,"Non-Indian IPL fans, which team do you follow and why?",0,853,824,https://www.reddit.com/r/Cricket/comments/mmghlg/nonindian_ipl_fans_which_team_do_you_follow_and/,853,0.96,08-04-2021
cricket,Glenn Maxwell has scored as many fifties this season as he's scored in his entire IPL career before this year.,0,1584,236,https://i.redd.it/jwhuk2f2iks71.jpg,1584,0.98,10-10-2021
cricket,BCCI set to allow 5 retentions without any RTM card for IPL 2025 Auction,0,238,193,https://www.timesnownews.com/sports/cricket/ipl-2025-bcci-likely-to-allow-5-retentions-per-team-no-right-to-match-card-at-auction-report-article-113672467,238,0.93,25-09-2024
cricket,"'Virat Kohli and I have spoken about 2016 IPL Final so many times. Had one of us played a little longer, we would have won the IPL' :- KL Rahul ",0,472,93,https://timesofindia.indiatimes.com/sports/cricket/ipl/top-stories/virat-kohli-and-i-have-spoken-about-kl-rahul/articleshow/115223939.cms,472,0.93,12-11-2024
cricket,Jason Roy on pulling out of IPL.,0,1177,283,https://i.redd.it/96n8kaaqpqk81.jpg,1177,0.97,01-03-2022
cricket,"Rishabh Pant set to miss HOME series vs NZ,Border-Gavaskar Trophy, entire IPL 2023.As per the medical team, He could need 3 to 6 months or even more time to recover from the injuries",0,1053,216,https://www.timesofindia.com/sports/cricket/news/rishabh-pant-set-to-miss-series-against-australia-entire-ipl/articleshow/96637082.cms,1053,0.98,31-12-2022
cricket,[CricTracker] Top 10 highest paid players in IPL history in crore rupees. ,0,646,105,https://www.reddit.com/gallery/1eb43i7,646,0.97,24-07-2024
cricket,Most Sixes In Each Over of the IPL,0,881,113,https://i.redd.it/rvmeodvb8xnc1.png,881,0.98,12-03-2024
cricket,R Ashwin: ‚ÄòSometimes I wonder if IPL is even cricket‚Ä¶ We do end up practising on sets during ad shoots‚Äô,0,960,99,https://indianexpress.com/article/sports/ipl/ravichandran-ashwin-wonder-if-ipl-is-even-cricket-sets-ad-shoots-9237982/,960,0.98,28-03-2024
cricket,Who would be the First Overseas Player you pick in your All Time IPL XI?,0,805,295,https://i.redd.it/9ahewpnd0b7a1.jpg,805,0.95,21-12-2022
cricket,Players from England's World Cup squad have started to return home from the IPL,0,639,128,https://i.redd.it/7tyzsrhpq70d1.jpeg,639,0.99,13-05-2024
cricket,IPL 2023:- BCCI will plant 500 trees for each dot ball bowled in the Playoffs stage,0,1439,123,https://i.redd.it/i69xbgt8zm1b1.jpg,1439,0.98,23-05-2023
cricket,Two bouncers allowed fron now on in IPL,0,623,149,https://www.espncricinfo.com/story/dale-steyn-and-harshal-patel-let-s-see-them-pull-the-ball-not-put-their-foot-down-and-bully-you-down-the-ground-1425268,623,0.98,20-03-2024
cricket,"""RCB will win IPL trophy next year"": AB de Villiers",0,410,185,https://crictoday.com/cricket/daily-cricket-news/rcb-will-win-ipl-trophy-next-year-ab-de-villiers/,410,0.92,23-05-2024
cricket,Lowest strike rate in IPL 2022,0,1207,239,https://i.redd.it/5wet608dsox81.jpg,1207,0.99,05-05-2022
cricket,Top earners over the years in IPL,0,1211,183,https://i.imgur.com/RkPwjv6.png,1211,0.96,19-11-2022
cricket,IPL: RPSG Group and CVC Capital to own the 2 new franchises in IPL,0,760,608,https://twitter.com/KShriniwasRao/status/1452632397707501578?t=q6JIRxcnCh5_HENrDj4_LQ&s=19,760,0.96,25-10-2021
cricket,Shubman Gill scores 2nd IPL century finishing 104(52),0,1014,168,https://i.redd.it/t4k2nvw2t91b1.jpg,1014,0.98,21-05-2023
cricket,Batters in IPL while chasing a target of 180 or more,0,334,83,https://i.redd.it/40rhlzbebqde1.png,334,0.95,18-01-2025
cricket,IPL is a humbling experience for the world's top fast bowlers... except Bumrah,0,720,115,https://i.redd.it/ubfowxroxhwc1.png,720,0.96,24-04-2024
cricket,It's official! Ahmedabad IPL franchise to be called 'Gujarat Titans',0,1196,252,https://i.redd.it/ywqyfab2drg81.jpg,1196,0.95,09-02-2022
cricket,David Warner to lead Delhi Capitals in IPL 2023,0,1116,171,https://i.redd.it/eo8omo8n1yja1.jpg,1116,0.97,23-02-2023
cricket,Shakib Al Hasan‚Äòs wife on Facebook regarding his blank at the IPL auction.,0,1130,265,https://i.redd.it/dhfy5ci1esh81.jpg,1130,0.97,14-02-2022
cricket,People from BCCI's team are measuring the height of all the players in IPL till their waist - this data will then be fed into the system used by the hawk-eyed operators who sit with the 3rd umpire to judge the waist-high full tosses in IPL 2024. [Gaurav Gupta from TOI],0,729,119,https://x.com/CricCrazyJohns/status/1772486398106354014?s=20,729,0.98,26-03-2024
cricket,"RR v MI: Maiden IPL Hundred by Yashasvi Jaiswal, finishing his innings on 124(62)",0,1169,144,https://i.redd.it/70xabbsmn1xa1.jpg,1169,0.97,30-04-2023
cricket,Star Sports Commentary panel for IPL 2024,0,391,215,https://i.redd.it/zdgm20crl8pc1.jpeg,391,0.96,19-03-2024
cricket,"RCB Squandered Their IPL 2024 Campaign At The Auction Table, Not On The Cricket Pitch",0,446,180,https://wisden.com/ipl-2024-2/by-time-auction-got-over-rcb-already-squandered-ipl-2024-campaign-india-cricket-news-today,446,0.98,08-04-2024
cricket,Ruturaj Gaikwad scores his 1st IPL Hundred,0,1895,166,https://i.redd.it/3kd85vub72r71.jpg,1895,0.96,02-10-2021
cricket,Possible IPL Retention from each Team by Dan Westor,0,319,209,https://www.reddit.com/gallery/1d20ilw,319,0.87,27-05-2024
cricket,Glenn Maxwell's 11 IPL innings v his 2 ODI innings. Wow!,0,2023,192,https://i.imgur.com/SBw8J1x.jpg,2023,0.98,30-11-2020
cricket,Winners of Star Sport's incredible awards for celebrating 15 years of IPL,0,832,225,https://i.redd.it/nzblet5ezcja1.jpg,832,0.95,20-02-2023
cricket,"Umpire Error in IPL 2024 in SRH VS RR, Bat clearly in air was given not out by the umpire ",0,617,122,https://i.redd.it/5a00yryp71yc1.png,617,0.97,02-05-2024
cricket,"Rohit Sharma registered his 16th Duck , most in IPL",0,1267,126,https://i.redd.it/jan2m15xd8ya1.jpg,1267,0.97,06-05-2023
cricket,Ravi Shastri's Advice to Bowlers in the IPL,0,511,145,https://i.redd.it/u0e6dsbse4xc1.png,511,0.91,28-04-2024
cricket,Best strike rate in an Innings in IPL (minimum 30 runs),0,836,95,https://i.redd.it/cj4zu1g092tc1.png,836,0.99,07-04-2024
cricket,'Playing IPL is better preparation than playing a T20 game against Pakistan': Michael Vaughan blasts England's decision to call players back ,0,569,120,https://timesofindia.indiatimes.com/sports/cricket/ipl/top-stories/playing-ipl-is-better-preparation-than-playing-a-t20-game-against-pakistan-michael-vaughan-blasts-englands-decision-to-call-players-back/articleshow/110432543.cms,569,0.92,26-05-2024
cricket,Ben Stokes likely to sit out the IPL to prioritise England‚Äôs Test team,0,353,103,https://www.telegraph.co.uk/cricket/2024/11/01/ben-stokes-sit-out-ipl-prioritise-england-test-team/,353,0.98,02-11-2024
cricket,The Lucknow team from IPL have announced their name,0,697,490,https://i.redd.it/eph9r2kb3nd81.jpg,697,0.95,24-01-2022
cricket,'Can Help Me Further Down The Line': Anderson Reveals Why He Wants To Participate In IPL,0,368,95,https://www.news18.com/cricket/can-help-me-further-down-the-line-anderson-reveals-why-he-wants-to-participate-in-ipl-9112846.html,368,0.98,08-11-2024
cricket,Another 250+ Record Broken in IPL (KKR VS PBKS),0,582,126,https://i.redd.it/zps03kf2nuwc1.png,582,0.98,26-04-2024
cricket,Players who took a pay cut to be retained by their teams for IPL 2025 ,0,579,67,https://i.redd.it/vnsbboiip9yd1.jpeg,579,0.96,01-11-2024
cricket,Chalal Becomes the first player to get 200 IPL wickets,0,751,100,https://i.redd.it/i71zlz0am1wc1.png,751,0.98,22-04-2024
cricket,IPL 2022 : LSG vs MI : KL Rahul scores his 2nd century of this season... 100 in just 61 balls,0,1182,211,https://i.redd.it/ucpwqzi7yhv81.jpg,1182,0.98,24-04-2022
cricket,"'Please Remove this Impact Sub Thing,' Says RCB Pacer Mohammed Siraj Amid Run Fest at IPL 2024",0,587,124,https://www.news18.com/cricket/ipl-2024-mohammed-siraj-rcb-please-remove-this-impact-sub-thing-8860814.html,587,0.98,21-04-2024
cricket,Umran Malik wins fastest delivery award in all 14 matches that SRH played in IPL 2022,0,1353,177,https://i.imgur.com/hhnkmnj.jpg,1353,0.98,23-05-2022
cricket,"Batting Stats of IPL 2022 of Rohit Sharma, Virat kohli and Kane Williamson.",0,951,263,https://i.redd.it/fq0mnexjpkz81.jpg,951,0.98,15-05-2022
cricket,"The two groups of IPL, which is ranked according to the number of titles they've won. The 10 IPL teams are divided into two groups for a total of 74 matches in the 2022 edition that will also include the playoffs and final - KSR",0,770,388,https://i.redd.it/17e3bi6k7yj81.jpg,770,0.97,25-02-2022
cricket,"Nicholas Pooran hits the fastest fifty of IPL 2023, and joint second fastet in the history of IPL",0,1513,105,https://i.redd.it/p71b9gmgw4ta1.jpg,1513,0.98,10-04-2023
cricket,Lethal Pace by Umran Malik in IPL,0,1309,227,https://i.redd.it/6j4plpa61vr71.jpg,1309,0.97,06-10-2021
cricket,IPL FINAL SLEDGE THREAD: KKR VS SRH,0,194,280,https://www.reddit.com/r/Cricket/comments/1d0t6z5/ipl_final_sledge_thread_kkr_vs_srh/,194,0.96,26-05-2024
cricket,Dan Christian yet to score more than 1 run in this IPL.,0,1607,177,https://i.redd.it/i3jnwoz9y4s71.jpg,1607,0.99,08-10-2021
cricket,M. Chinnaswamy Ticket prices for IPL 2023! Tickets are available in Bookmyshow.com and RCB website.,0,716,238,https://i.redd.it/yqmk9sge5xna1.png,716,0.94,15-03-2023
cricket,Match Thread : TATA IPL 2022: 10th Match: Gujarat Titans vs Delhi Capitals,0,324,3764,https://www.reddit.com/r/Cricket/comments/tuivig/match_thread_tata_ipl_2022_10th_match_gujarat/,324,0.93,02-04-2022
cricket,This is probably the last IPL Mega auction,0,1121,253,https://i.redd.it/mj0w83sbqn281.jpg,1121,0.96,30-11-2021
cricket,IPL owners will be able to rename Hundred teams with minority stake,0,300,144,https://www.theguardian.com/sport/article/2024/aug/16/ipl-owners-able-rename-hundred-teams-minority-stake-cricket-london-spirit,300,0.96,17-08-2024
cricket,Wankhede & Brabourne Stadiums on the marine drive along the Arabian Sea in Mumbai. These are the 2 out of 4 venues for TATA IPL 2022.,0,1239,195,https://www.reddit.com/gallery/tlxisg,1239,0.98,24-03-2022
cricket,Post Match Thread: IPL 2021 Final - Chennai Super Kings vs Kolkata Knight Riders,0,528,878,https://www.reddit.com/r/Cricket/comments/q8tufk/post_match_thread_ipl_2021_final_chennai_super/,528,0.98,15-10-2021
cricket,"ALex Hales, Sam Billings, Pat Cummins opts out of IPL 2023",0,1113,166,https://i.redd.it/hfdkapwyv30a1.png,1113,0.99,15-11-2022
cricket,The IPL team which no one hates,0,1793,194,https://i.redd.it/gn57o59dr5y51.jpg,1793,0.95,09-11-2020
cricket,Harshit Rana handed one IPL match ban for code of conduct breach,0,352,182,https://www.cricbuzz.com/cricket-news/130289/rana-handed-one-match-ban-for-code-of-conduct-breach,352,0.97,30-04-2024
cricket,Are Indians really among the IPL's best?,0,429,160,https://i.redd.it/9bp8curbretc1.png,429,0.95,09-04-2024
cricket,Current Race for IPL orange cap,0,802,91,https://i.redd.it/pxqko0orpwrc1.png,802,0.98,01-04-2024
cricket,Average viewership of match highlights for major T20 leagues on YouTube (IPL Website for IPL),0,283,79,https://i.redd.it/qa8fzsatmvce1.png,283,0.9,14-01-2025
cricket,Fastest balls in IPL,0,1145,202,https://i.imgur.com/czklplx.jpg,1145,0.98,13-04-2022
cricket,Most sixes by a team in IPL season,0,624,103,https://i.redd.it/kjoqvscc4czc1.png,624,0.98,09-05-2024
cricket,SA20 establishing itself as No 2 league below 'incredible' IPL: Graeme Smith,0,251,104,https://www.indiatoday.in/sports/story/sa20-establishing-itself-as-no-2-league-below-incredible-ipl-graeme-smith-2643042-2024-12-01,251,0.93,01-12-2024
cricket,Lowest total in IPL finals,0,859,72,https://i.redd.it/42zwq1wsks2d1.png,859,0.98,26-05-2024
cricket,Travis Head in IPL 2024 (Blue Teams Vs Non Blue Teams),0,863,71,https://i.redd.it/1qvez7i0h62d1.png,863,0.98,23-05-2024
cricket,Rayudu matches Rohit Sharma with Most IPL titles won,0,1159,114,https://i.redd.it/viveigfyjv2b1.png,1159,0.98,29-05-2023
cricket,"No Rohit, Kohli, Shami for Afghanistan series, Pandya likely to lead India's young side with IPL performers: Report",0,655,211,https://www.hindustantimes.com/cricket/no-rohit-kohli-shami-for-afghanistan-series-pandya-likely-to-lead-indias-young-side-with-ipl-performers-report-101685074153222-amp.html,655,0.98,26-05-2023
cricket,Ruturaj Gaikwad new Captain of Chennai Super Kings (Twitter - IPL),0,539,133,https://x.com/IPL/status/1770756521221083153?s=20,539,0.97,21-03-2024
cricket,Dugout team for this IPL.,0,1313,232,https://i.imgur.com/ZGegkrp.jpg,1313,0.97,09-04-2021
cricket,IPL Teams set to be allowed 4 retentions,0,598,566,http://www.cricbuzz.com/cricket-news/119504/ipl-teams-set-to-be-allowed-4-retentions,598,0.97,22-10-2021
cricket,IPL Governing Council announces TATA IPL Player Regulations 2025-27,0,165,167,https://i.redd.it/o9dlg0ji4lrd1.png,165,0.96,28-09-2024
cricket,Teams to finish in last position in the IPL by year,0,579,125,https://i.redd.it/ffna198rx9oc1.jpeg,579,0.97,14-03-2024
cricket,BCCI Likely To Continue With 3+1 Retention Rule In IPL Ahead Of Mega Auction: Reports,0,271,185,https://www.timesnownews.com/sports/cricket/bcci-likely-to-continue-with-31-retention-rule-in-ipl-ahead-of-mega-auction-reports-article-110584467,271,0.96,31-05-2024
cricket,Fastest conversion from 50 to 100 in The history of IPL ,0,910,70,https://i.redd.it/k2smptfevexc1.jpeg,910,0.98,29-04-2024
cricket,"Which IPL teams should buy these players, if they entered the auction?",0,889,426,https://i.redd.it/j7bh9b7bp5061.jpg,889,0.97,19-11-2020
cricket,"Complimentary for IPL hospitality box viewers in Chennai. Best part is, it is unlimited",0,909,148,https://i.imgur.com/AxTLAx8.jpg,909,0.95,30-04-2023
cricket,Welcome to the IPL 2021 Reddit League! [Megathread],0,392,4797,https://www.reddit.com/r/Cricket/comments/mkeki3/welcome_to_the_ipl_2021_reddit_league_megathread/,392,0.98,05-04-2021
cricket,"Jurel likely to replace KS Bharat in Rajkot; BCCI not happy with certain players already in IPL mode, players must play Ranji",0,332,216,https://timesofindia.indiatimes.com/sports/cricket/england-in-india/india-vs-england-3rd-test-dhruv-jurel-likely-in-place-of-ks-bharat-in-rajkot/articleshow/107607347.cms,332,0.98,12-02-2024
cricket,'MI qualified without Bumrah last year. Hardik Pandya made too many mistakes': Irfan Pathan pulls no punches on MI's poor IPL 2024,0,412,144,https://www.hindustantimes.com/cricket/they-qualified-without-bumrah-hardik-pandya-has-made-too-many-mistakes-irfan-pulls-no-punches-on-mis-poor-ipl-2024-101714528219312.html,412,0.93,01-05-2024
cricket,"PCB unhappy with the IPL's 2.5-month long window in upcoming ICC FTP calender, wants discussion with other cricket boards about this in the next ICC meeting in July",0,517,471,https://zeenews.india.com/cricket/pcb-has-issues-with-ipls-2-5-month-window-in-icc-ftp-calendar-wants-discussion-2474186.html,517,0.95,18-06-2022
cricket,Virat Kohli set to return as RCB captain from IPL 2025,0,275,104,https://www.reddit.com/r/Cricket/comments/1gfhqny/virat_kohli_set_to_return_as_rcb_captain_from_ipl/,275,0.96,30-10-2024
cricket,Sachin Tendulkar and Arjun Tendulkar become the first father-son duo to play in the IPL,0,761,179,https://twitter.com/mipaltan/status/1647551754353901569?s=20,761,0.96,16-04-2023
cricket,IPL 2023:- Cameron Green has proved to be a valuable investment fo MI,0,1000,126,https://i.redd.it/vw67j6tkke2b1.jpg,1000,0.97,27-05-2023
cricket,2008 - 2019. MI Legend. IPL GOAT üëë,0,2524,118,https://i.redd.it/x0w8tdsfl2i61.png,2524,0.98,17-02-2021
cricket,Most runs conceded in an IPL season ,0,550,99,https://i.redd.it/dnrha9vc8r3d1.jpeg,550,0.97,31-05-2024
cricket,"For the first time in IPL's history, a century was scored in both of the 2 innings (Klassen's 104(51) and Kohli's 100(63)). Klassic Stuff.",0,1237,103,https://i.redd.it/tx9umpot6o0b1.jpg,1237,0.97,18-05-2023
cricket,Ben Stokes ruled out of IPL 2021 with Hand Injury,0,1107,264,https://www.independent.co.uk/sport/cricket/ben-stokes-injury-ipl-b1830803.html,1107,0.99,13-04-2021
cricket,List of all IPL Hattricks.,0,952,141,https://i.redd.it/egos4q81o2ta1.jpg,952,0.98,10-04-2023
cricket,IPL 2022 : Eliminator : RCB vs LSG : Rajat Patidar scores his maiden century in IPL,0,1525,129,https://i.redd.it/a99mjjvabn191.jpg,1525,0.98,25-05-2022
cricket,Teams that have qualified for the playoffs in each IPL,0,387,142,https://i.redd.it/x11p66k3okzc1.png,387,0.98,10-05-2024
cricket,"Kohli: 'We've got Test cricket after the IPL, so I've got to stay true to my technique'",0,653,193,https://www.espn.in/cricket/story/_/id/37679321/virat-kohli-got-test-cricket-ipl-got-stay-true-my-technique,653,0.98,19-05-2023
cricket,Jos Buttler gets the prized possession of Dhoni's shirt from his 200th IPL game,0,2139,145,https://i.redd.it/pevfzmz2d3u51.jpg,2139,0.98,19-10-2020
cricket,Most runs in each over of the IPL,0,1494,144,https://i.redd.it/kdb1ue20bkg81.jpg,1494,0.96,08-02-2022
cricket,IPL 2021 RETENTION AND RELEASES THREAD,0,507,1153,https://www.reddit.com/r/Cricket/comments/l15nyz/ipl_2021_retention_and_releases_thread/,507,0.98,20-01-2021
cricket,RCB Pacer Mohammed Siraj was approached by bettor for 'inside information' on RCB during the ongoing IPL 2023. Siraj has reported the corrupt approach to BCCI's & IPL's Anti Corruption Unit (ACU),0,968,133,https://www.hindustantimes.com/cricket/mohammed-siraj-approached-for-inside-information-on-rcb-during-ipl-2023-pacer-reports-to-bcci-acu-report-101681880313607.html,968,0.99,19-04-2023
cricket,"Punjab Kings hold the record for having the most captains in IPL history, with Shreyas Iyer becoming their 17th leader across 18 seasons.",0,470,45,https://i.redd.it/n4eez09b0sce1.jpeg,470,0.98,13-01-2025
cricket,David Warner is an IPL ALL Time Great. Period.,0,1653,179,https://i.redd.it/l5vx4o0o62x51.jpg,1653,0.97,03-11-2020
cricket,‚ÄòAustralians have changed their DNA because of IPL money‚Äô Ramiz Raja,0,660,427,https://newsclay.com/australians-have-changed-their-dna-because-of-ipl-money-ramiz-raja/,660,0.95,22-09-2021
cricket,Shami snaps back at Manjrekar for IPL Auction price tag prediction: ‚ÄòSave some knowledge for your future too‚Äô,0,357,74,https://indianexpress.com/article/sports/cricket/mohammed-shami-reaction-manjreker-ipl-auction-2025-price-prediction-9680747/,357,0.93,21-11-2024
cricket,Darren Sammy alleges he and Thisara Perera subjected to racism during IPL,0,1096,312,http://www.dailymirror.lk/breaking_news/Darren-Sammy-alleges-he-and-Thisara-Perera-subjected-to-racism-during-IPL/108-189583,1096,0.97,07-06-2020
cricket,Saudi Arabia woos IPL to set up world‚Äôs richest cricket competition,0,435,304,https://www.smh.com.au/sport/cricket/saudi-arabia-seeks-to-set-up-world-s-richest-cricket-competition-20230412-p5czwh.html,435,0.95,14-04-2023
cricket,IPL 2022 : RR vs DC : Jos Buttler scores another century. His 3rd century of this season... 100 in just 57 balls,0,1204,160,https://i.redd.it/2kkhwlbaj3v81.jpg,1204,0.97,22-04-2022
cricket,Schedule for the first 21 matches of IPL 2024 has been announced.,0,425,155,https://i.redd.it/mgnudvhdn4kc1.jpeg,425,0.95,22-02-2024
cricket,T20 World Cup: Virat Kohli may miss India‚Äôs only warm up game after taking a mini-break post IPL,0,345,142,https://indianexpress.com/article/sports/cricket/t20-world-cup-virat-kohli-miss-india-warmup-match-ipl-2024-sanju-pandya-9352086/,345,0.94,26-05-2024
cricket,Moment of IPL 2023:Sunil gavaskar taking autograph from MS Dhoni,0,1101,108,https://i.redd.it/6o0d3eojduza1.png,1101,0.97,14-05-2023
cricket,Kedar Jadhav has replaced David Willey in RCB squad for the remainder of 2023 IPL,0,582,211,https://www.iplt20.com/news/3933/royal-challengers-bangalore-name-kedar-jadhav-as-replacement-for-david-willey//,582,0.96,01-05-2023
cricket,'Absolute Rubbish': CSK Physio Denies Harbhajan Singh's Claims Of MS Dhoni Breaking Anything After Loss To RCB In IPL 2024,0,271,107,https://www.freepressjournal.in/sports/absolute-rubbish-csk-physio-denies-harbhajan-singhs-claims-of-ms-dhoni-breaking-anything-after-loss-to-rcb-in-ipl-2024,271,0.88,03-10-2024
cricket,Rohit Sharma's poor numbers in IPL Playoffs,0,723,156,https://i.redd.it/x8fmxhefku1b1.jpg,723,0.95,24-05-2023
cricket,"Rohit Sharma records 15th duck, joint-most in IPL history",0,714,169,https://sportstar.thehindu.com/cricket/ipl/ipl-news/rohit-sharma-most-ducks-record-ipl-pbks-vs-mi-punjab-kings-mumbai-indians/article66809191.ece,714,0.96,04-05-2023
cricket,Most runs scored by a batter in IPL powerplay,0,830,68,https://i.redd.it/e21enk2mprvc1.png,830,0.99,21-04-2024
cricket,Ashwin will be taking a break from IPL for personal reasons,0,769,375,https://www.reddit.com/r/Cricket/comments/myg3gv/ashwin_will_be_taking_a_break_from_ipl_for/,769,0.99,25-04-2021
cricket,Biggest Buys of IPL auction 2023,0,867,164,https://i.redd.it/wm2c1m19pn7a1.png,867,0.98,23-12-2022
cricket,Orange cap and Purple caps won by each team in the IPL so far,0,790,150,https://i.redd.it/vvawsk29u8wa1.jpg,790,0.97,26-04-2023
cricket,Sanju Samson with a Magnificent 119(63) as debutant Captain. 3rd IPL Ton. Agonizingly close to taking RR to Victory.,0,1258,199,https://www.iplt20.com/video/229818/samson-s-valiant-119-off-63-balls,1258,0.99,12-04-2021
cricket,"15 years after the IPL started, the WPL gets off to a stunning start!",0,1494,85,https://i.redd.it/w27wzij8yqla1.jpg,1494,0.96,04-03-2023
cricket,IPL players to get match fee of ‚Çπ7.5 lakhs per game in addition to their contracted amount ,0,360,86,https://x.com/JayShah/status/1840027111530328372?s=19,360,0.97,28-09-2024
cricket,"""He does not look anywhere near 100 percent fit"" - Adam Gilchrist concerned about Hardik Pandya's role as a bowler after MI vs CSK IPL 2024 match",0,469,114,https://www.sportskeeda.com/cricket/news-he-look-anywhere-near-100-percent-fit-adam-gilchrist-concerned-hardik-pandya-s-role-bowler-mi-vs-csk-ipl-2024-match?key2=486255,469,0.98,15-04-2024
